{"cameraMode":{"drawMode":0,"name":"Shaded","section":"Shading Mode"},"sceneLighting":true,"audioPlay":false,"sceneViewState":{"m_AlwaysRefresh":false,"showFog":true,"showSkybox":true,"showFlares":true,"showImageEffects":true,"showParticleSystems":true,"showVisualEffectGraphs":true,"m_FxEnabled":true},"in2DMode":false,"pivot":{"x":-14.546465873718262,"y":5.9661102294921879,"z":206.6631622314453},"rotation":{"x":0.23180364072322846,"y":-0.023343518376350404,"z":0.005564352963119745,"w":0.9724665284156799},"size":1.2124382257461548,"orthographic":false}