{"cameraMode":{"drawMode":0,"name":"Shaded","section":"Shading Mode"},"sceneLighting":true,"audioPlay":false,"sceneViewState":{"m_AlwaysRefresh":false,"showFog":true,"showSkybox":true,"showFlares":true,"showImageEffects":true,"showParticleSystems":true,"showVisualEffectGraphs":true,"m_FxEnabled":true},"in2DMode":false,"pivot":{"x":-11.661286354064942,"y":3.893193244934082,"z":-4.0268707275390629},"rotation":{"x":0.17964310944080354,"y":-0.3151136040687561,"z":0.06081879138946533,"w":0.9299409985542297},"size":2.3600571155548097,"orthographic":false}